<?xml version="1.0" encoding="UTF-8" ?>
<!--  A box floating in empty space.
 -->
<scene>
  <camera type="PerspectiveCamera">
    <viewPoint>5 2 3</viewPoint>
    <viewDir>-5 -2 -3</viewDir>
    <viewUp>0 1 0</viewUp>
    <projDistance>4</projDistance>
    <viewWidth>2.5</viewWidth>
    <viewHeight>2.5</viewHeight>
  </camera>
  <image>
    300 300 
  </image>
  <shader name="blue" type="Lambertian">
    <diffuseColor>.2 .3 .8</diffuseColor>
  </shader>
  <surface type="Box">
    <shader ref="blue" />
    <minPt>-1 -1 -1</minPt>
    <maxPt>1 1 1</maxPt>
  </surface>
  <light>
    <position>3 4 5</position>
    <intensity>1 1 1</intensity>
  </light>
</scene>
