<?xml version="1.0" encoding="UTF-8" ?>
<!--  A blue box sitting on a floor.
 -->
<scene>
  <backColor>.6 .2 .2</backColor>
  <camera type="PerspectiveCamera">
    <viewPoint>10 4.8 6</viewPoint>
    <viewDir>-5 -2.4 -3</viewDir>
    <viewUp>0 1 0</viewUp>
    <projDistance>6</projDistance>
    <viewWidth>4</viewWidth>
    <viewHeight>2.25</viewHeight>
  </camera>
  <image>
    320 180
  </image>
  <shader name="blue" type="Lambertian">
    <diffuseColor>.2 .3 1</diffuseColor>
  </shader>
  <shader name="gray" type="Lambertian">
    <diffuseColor>.5 .5 .5</diffuseColor>
  </shader>
  <surface type="Box">
    <shader ref="blue" />
    <minPt>-1 -1 -1</minPt>
    <maxPt>1 1 1</maxPt>
  </surface>
  <surface type="Box">
    <shader ref="gray" />
    <minPt>-5 -1.1 -6</minPt>
    <maxPt>5 -1 6</maxPt>
  </surface>
  <light>
    <position>4 5 -3</position>
    <intensity>1 1 1</intensity>
  </light>
  <light>
    <position>-4 3 5</position>
    <intensity>.7 .7 .7</intensity>
  </light>
</scene>
